/*
SQLyog Ultimate v12.09 (64 bit)
MySQL - 5.5.40 : Database - muxiqiyeluntan
*********************************************************************
*/

/*!40101 SET NAMES utf8 */;

/*!40101 SET SQL_MODE=''*/;

/*!40014 SET @OLD_UNIQUE_CHECKS=@@UNIQUE_CHECKS, UNIQUE_CHECKS=0 */;
/*!40014 SET @OLD_FOREIGN_KEY_CHECKS=@@FOREIGN_KEY_CHECKS, FOREIGN_KEY_CHECKS=0 */;
/*!40101 SET @OLD_SQL_MODE=@@SQL_MODE, SQL_MODE='NO_AUTO_VALUE_ON_ZERO' */;
/*!40111 SET @OLD_SQL_NOTES=@@SQL_NOTES, SQL_NOTES=0 */;
CREATE DATABASE /*!32312 IF NOT EXISTS*/`muxiqiyeluntan` /*!40100 DEFAULT CHARACTER SET utf8 */;

USE `muxiqiyeluntan`;

/*Table structure for table `depart` */

DROP TABLE IF EXISTS `depart`;

CREATE TABLE `depart` (
  `id` int(11) NOT NULL AUTO_INCREMENT,
  `name` varchar(32) DEFAULT NULL,
  `info` varchar(32) DEFAULT NULL,
  PRIMARY KEY (`id`)
) ENGINE=InnoDB AUTO_INCREMENT=6 DEFAULT CHARSET=utf8;

/*Data for the table `depart` */

insert  into `depart`(`id`,`name`,`info`) values (1,'财务部','合理使用资金，加强资金管理'),(2,'后勤部','后勤保障'),(3,'运营部','公司的运营流程指导'),(4,'客服部','业主的需要为核心'),(5,'采购部','从供应市场获取产品或服务');

/*Table structure for table `post` */

DROP TABLE IF EXISTS `post`;

CREATE TABLE `post` (
  `id` int(11) NOT NULL AUTO_INCREMENT,
  `title` varchar(32) DEFAULT NULL,
  `content` text,
  `publishtime` timestamp NULL DEFAULT NULL,
  `type_id` int(11) DEFAULT NULL,
  `depart_id` int(11) DEFAULT NULL,
  `pageview` int(11) DEFAULT NULL,
  `user_id` int(11) DEFAULT NULL,
  `is_overhead` int(11) DEFAULT NULL,
  PRIMARY KEY (`id`)
) ENGINE=InnoDB AUTO_INCREMENT=101 DEFAULT CHARSET=utf8;

/*Data for the table `post` */

insert  into `post`(`id`,`title`,`content`,`publishtime`,`type_id`,`depart_id`,`pageview`,`user_id`,`is_overhead`) values (1,'非洲','最灵繁的人也看不见自己的背脊。','2020-01-03 18:23:09',3,5,3,4,0),(2,'希腊','最困难的事情就是认识自己。','2020-01-08 19:48:21',3,2,43,10,0),(3,'黑塞','有勇气承担命运这才是英雄好汉。','2020-01-08 20:46:58',1,4,6,4,0),(4,'周恩来','与肝胆人共事，无字句处读书。','2020-01-13 17:52:43',4,5,60,18,0),(5,'培根','阅读使人充实，会谈使人敏捷，写作使人精确。','2020-01-17 05:32:02',5,2,54,5,1),(6,'斯宾诺莎','最大的骄傲于最大的自卑都表示心灵的最软弱无力。','2020-01-20 16:02:31',5,4,69,7,0),(7,'西班牙','自知之明是最难得的知识。','2020-01-21 00:25:44',5,3,33,13,0),(8,'塞内加','勇气通往天堂，怯懦通往地狱。','2020-01-21 05:55:58',1,1,53,8,1),(9,'赫尔普斯','有时候读书是一种巧妙地避开思考的方法。','2020-01-23 22:46:49',2,2,14,17,0),(10,'笛卡儿','阅读一切好书如同和过去最杰出的人谈话。','2020-01-25 15:09:42',1,5,77,5,0),(11,'邓拓','越是没有本领的就越加自命不凡。','2020-01-25 22:29:16',5,4,78,10,1),(12,'爱尔兰','越是无能的人，越喜欢挑剔别人的错儿。','2020-01-26 05:35:48',3,5,54,7,1),(13,'老子','知人者智，自知者明。胜人者有力，自胜者强。','2020-01-27 20:53:58',4,1,62,10,0),(14,'歌德','意志坚强的人能把世界放在手中像泥块一样任意揉捏。','2020-02-03 19:44:56',5,5,62,17,1),(15,'迈克尔·F·斯特利','最具挑战性的挑战莫过于提升自我。','2020-02-05 22:26:10',1,4,76,9,0),(16,'华盛顿','业余生活要有意义，不要越轨。','2020-02-06 07:41:53',4,1,10,12,0),(17,'罗素·贝克','一个人即使已登上顶峰，也仍要自强不息。','2020-02-07 10:07:50',1,3,78,7,0),(18,'马云','最大的挑战和突破在于用人，而用人最大的突破在于信任人。','2020-02-09 17:54:28',4,1,74,17,0),(19,'雷锋','自己活着，就是为了使别人过得更美好。','2020-02-19 19:39:52',2,4,89,2,0),(20,'布尔沃','要掌握书，莫被书掌握；要为生而读，莫为读而生。','2020-03-13 19:48:38',4,2,33,9,0),(21,'韩愈','要知道对好事的称颂过于夸大，也会招来人们的反感轻蔑和嫉妒。','2020-03-21 21:07:17',5,4,43,2,0),(22,'马克思','业精于勤，荒于嬉；行成于思，毁于随。','2020-03-29 04:01:21',3,1,37,14,0),(23,'莎士比亚','一切节省，归根到底都归结为时间的节省。','2020-03-29 10:11:09',5,2,32,2,0),(24,'乌申斯基','意志命运往往背道而驰，决心到最后会全部推倒。','2020-03-30 08:47:01',1,2,100,16,0),(25,'卢梭','学习是劳动，是充满思想的劳动。','2020-03-30 15:04:55',2,5,55,4,0),(26,'罗曼·罗兰','要使整个人生都过得舒适','2020-04-05 07:55:48',4,3,20,19,1),(27,'孔子','只有把抱怨环境的心情，化为上进的力量，才是成功的保证。','2020-04-11 08:36:49',1,3,50,9,0),(28,'达·芬奇','知之者不如好之者，好之者不如乐之者。','2020-04-12 07:24:15',5,3,35,10,1),(29,'叔本华','勇猛','2020-04-14 10:31:40',4,4,23,11,0),(30,'黑格尔','意志是一个强壮的盲人，倚靠在明眼的跛子肩上。','2020-04-16 07:31:58',4,5,99,2,1),(31,'普列姆昌德','只有永远躺在泥坑里的人，才不会再掉进坑里。','2020-04-16 19:52:18',3,2,46,20,0),(32,'科策布','希望的灯一旦熄灭，生活刹那间变成了一片黑暗。','2020-04-19 00:36:23',4,5,48,15,0),(33,'郭沫若','希望是人生的乳母。','2020-05-02 09:01:24',1,5,70,3,0),(34,'洛克','形成天才的决定因素应该是勤奋。','2020-05-03 18:45:33',5,3,43,3,0),(35,'拉罗什福科','学到很多东西的诀窍，就是一下子不要学很多。','2020-05-10 01:28:48',2,1,54,4,0),(36,'亚伯拉罕·林肯','自己的鞋子，自己知道紧在哪里。','2020-05-13 03:17:29',2,1,15,11,0),(37,'美华纳','我们唯一不会改正的缺点是软弱。','2020-05-21 00:04:44',5,2,89,15,0),(38,'阿卜·日·法拉兹','我这个人走得很慢，但是我从不后退。','2020-06-03 03:52:05',2,3,51,18,0),(39,'德国','勿问成功的秘诀为何，且尽全力做你应该做的事吧。','2020-06-08 11:20:19',5,3,77,14,1),(40,'玛丽·佩蒂博恩·普尔','学而不思则罔，思而不学则殆。','2020-06-10 06:30:38',5,3,92,4,1),(41,'贝多芬','学问是异常珍贵的东西，从任何源泉吸收都不可耻。','2020-06-10 13:04:07',2,4,24,1,1),(42,'苏联','只有在人群中间，才能认识自己。','2020-06-11 01:47:08',2,1,20,8,1),(43,'卡耐基','重复别人所说的话，只需要教育；而要挑战别人所说的话，则需要头脑。','2020-06-26 18:51:43',2,5,31,7,1),(44,'陆游','卓越的人一大优点是：在不利与艰难的遭遇里百折不饶。','2020-06-27 22:10:13',4,3,87,17,1),(45,'史美尔斯','自己的饭量自己知道。','2020-07-01 22:31:13',5,3,83,11,0),(46,'孙洙','我们若已接受最坏的，就再没有什么损失。','2020-07-03 04:43:30',5,1,8,9,0),(47,'莫扎特','书到用时方恨少','2020-07-12 15:16:45',2,1,50,18,1),(48,'易卜生','书籍把我们引入最美好的社会，使我们认识各个时代的伟大智者。','2020-07-22 10:03:02',4,2,53,15,1),(49,'乔特','熟读唐诗三百首，不会作诗也会吟。','2020-08-04 02:43:10',4,3,9,19,1),(50,'库法耶夫','谁和我一样用功，谁就会和我一样成功。','2020-08-06 07:15:20',1,5,12,11,0),(51,'吕凯特','天下之事常成于困约，而败于奢靡。','2020-08-20 11:46:30',1,2,10,4,0),(52,'朱熹','生命不等于是呼吸，生命是活动。','2020-08-23 15:23:17',1,4,86,11,0),(53,'左拉','伟大的事业，需要决心，能力，组织和责任感。　','2020-08-24 18:14:36',3,2,23,16,0),(54,'CocoChanel','唯书籍不朽。','2020-08-24 21:26:10',4,5,48,17,1),(55,'刘向','为中华之崛起而读书。','2020-08-25 21:04:43',5,5,25,19,0),(56,'孔丘','书不仅是生活，而且是现在','2020-08-27 06:41:59',2,5,63,3,0),(57,'海贝尔','生命不可能有两次，但许多人连一次也不善于度过。','2020-08-27 18:59:21',5,2,59,11,1),(58,'杰纳勒尔·乔治·S·巴顿','问渠哪得清如许，为有源头活水来。','2020-09-03 10:51:01',4,4,19,3,0),(59,'德谟克利特','我的努力求学没有得到别的好处，只不过是愈来愈发觉自己的无知。','2020-09-05 03:45:19',1,3,79,8,1),(60,'裴斯泰洛齐','生活的道路一旦选定，就要勇敢地走到底，决不回头。','2020-09-05 07:54:45',1,4,96,6,0),(61,'拉布克','奢侈是舒适的，否则就不是奢侈。','2020-09-10 23:10:37',1,3,73,2,0),(62,'康德','少而好学，如日出之阳；壮而好学，如日中之光；志而好学，如炳烛之光。','2020-09-11 01:26:16',4,3,64,12,0),(63,'西塞罗','三军可夺帅也，匹夫不可夺志也。','2020-09-21 01:30:17',5,5,81,2,0),(64,'伏尔泰','人生就是学校。在那里，与其说好的教师是幸福，不如说好的教师是不幸。','2020-09-27 07:39:07',1,1,19,9,0),(65,'屈原','接受挑战，就可以享受胜利的喜悦。','2020-10-06 16:06:34',5,1,55,4,0),(66,'韩非','节制使快乐增加并使享受加强。','2020-10-06 16:10:50',1,1,41,18,0),(67,'富兰克林','今天应做的事没有做，明天再早也是耽误了。','2020-10-07 08:53:11',4,5,13,4,0),(68,'马尔顿','决定一个人的一生，以及整个命运的，只是一瞬之间。','2020-10-07 23:16:32',4,3,31,19,0),(69,'爱因斯坦','懒人无法享受休息之乐。','2020-10-11 23:40:51',5,5,88,1,0),(70,'达尔文','浪费时间是一桩大罪过。','2020-10-13 04:43:31',5,2,80,1,1),(71,'佚名','既然我已经踏上这条道路，那么，任何东西都不应妨碍我沿着这条路走下去。','2020-10-15 16:09:10',4,1,32,17,0),(72,'奥斯特洛夫斯基','家庭成为快乐的种子在外也不致成为障碍物但在旅行之际却是夜间的伴侣。','2020-10-27 18:52:21',3,1,100,20,1),(73,'苏轼','坚持意志伟大的事业需要始终不渝的精神。','2020-11-09 06:48:20',4,2,62,11,0),(74,'王阳明','路漫漫其修道远，吾将上下而求索。','2020-11-09 19:29:12',3,5,3,3,0),(75,'卡莱尔','内外相应，言行相称。','2020-11-20 04:21:49',5,3,90,10,0),(76,'别林斯基','你热爱生命吗？那么别浪费时间，因为时间是组成生命的材料。','2020-11-21 10:00:06',2,2,2,20,0),(77,'鲁巴金','坚强的信心，能使平凡的人做出惊人的事业。','2020-11-21 15:58:40',2,5,26,19,0),(78,'屠格涅夫','读一切好书，就是和许多高尚的人谈话。','2020-11-26 20:07:15',2,5,89,2,1),(79,'杜甫','读书有三到，谓心到，眼到，口到。','2020-11-26 21:20:39',1,4,89,18,1),(80,'拉罗什夫科','读书之法，在循序而渐进，熟读而精思。','2020-11-30 08:00:47',5,2,32,11,0),(81,'叶圣陶','对一个人来说，所期望的不是别的，而仅仅是他能全力以赴和献身于一种美好事业。','2020-12-03 13:54:57',5,5,54,5,1),(82,'池田大作','敢于浪费哪怕一个钟头时间的人，说明他还不懂得珍惜生命的全部价值。','2020-12-05 00:06:49',5,2,78,13,1),(83,'布尔沃','感激每一个新的挑战，因为它会锻造你的意志和品格。','2020-12-07 22:10:18',5,1,40,8,1),(84,'韩愈','共同的事业，共同的斗争，可以使人们产生忍受一切的力量。　','2020-12-10 21:58:21',5,4,63,16,0),(85,'马克思','古之立大事者，不惟有超世之才，亦必有坚忍不拔之志。','2020-12-19 06:40:31',5,3,31,9,0),(86,'莎士比亚','故立志者，为学之心也；为学者，立志之事也。','2020-12-19 18:24:57',4,2,24,3,0),(87,'乌申斯基','读一本好书，就如同和一个高尚的人在交谈。','2020-12-21 17:21:11',3,1,82,16,0),(88,'卢梭','过去一切时代的精华尽在书中。','2020-12-22 21:57:31',4,5,39,18,0),(89,'罗曼·罗兰','好的书籍是最贵重的珍宝。','2020-12-25 00:07:09',3,1,60,5,1),(90,'孔子','读书是易事，思索是难事，但两者缺一，便全无用处。','2020-12-26 19:56:57',4,5,43,12,0),(91,'达·芬奇','读书是在别人思想的帮助下，建立起自己的思想。','2020-12-27 23:51:35',3,3,33,11,0),(92,'叔本华','合理安排时间，就等于节约时间。','2020-12-31 09:50:54',1,4,34,10,0),(93,'黑格尔','你想成为幸福的人吗？但愿你首先学会吃得起苦。','2021-01-01 22:16:00',4,5,57,17,1),(94,'普列姆昌德','抛弃时间的人，时间也抛弃他。','2021-01-19 07:49:57',1,5,75,6,1),(95,'科策布','普通人只想到如何度过时间，有才能的人设法利用时间。','2021-01-19 21:42:23',4,1,47,11,0),(96,'郭沫若','读书破万卷，下笔如有神。','2021-01-23 03:09:09',4,5,97,12,0),(97,'洛克','取得成就时坚持不懈，要比遭到失败时顽强不屈更重要。','2021-01-25 03:48:19',4,5,86,15,0),(98,'拉罗什福科','人的一生是短的，但如果卑劣地过这一生，就太长了。','2021-01-25 17:02:15',1,1,60,14,0),(99,'亚伯拉罕·林肯','读书忌死读，死读钻牛角。','2021-02-01 09:36:04',3,4,21,12,0),(100,'美华纳','不要回避苦恼和困难，挺起身来向它挑战，进而克服它。','2021-02-02 16:32:56',4,4,11,17,0);

/*Table structure for table `type` */

DROP TABLE IF EXISTS `type`;

CREATE TABLE `type` (
  `id` int(11) NOT NULL AUTO_INCREMENT,
  `name` varchar(32) DEFAULT NULL,
  `info` varchar(32) DEFAULT NULL,
  PRIMARY KEY (`id`)
) ENGINE=InnoDB AUTO_INCREMENT=6 DEFAULT CHARSET=utf8;

/*Data for the table `type` */

insert  into `type`(`id`,`name`,`info`) values (1,'生活','日常生活'),(2,'工作','工作需求'),(3,'娱乐','休闲娱乐'),(4,'技术','技术支持'),(5,'帮助','互帮互助');

/*Table structure for table `user` */

DROP TABLE IF EXISTS `user`;

CREATE TABLE `user` (
  `id` int(11) NOT NULL AUTO_INCREMENT,
  `username` varchar(32) DEFAULT NULL,
  `password` varchar(32) DEFAULT NULL,
  `sex` int(11) DEFAULT NULL,
  `mobile` varchar(32) DEFAULT NULL,
  `depart_id` int(11) DEFAULT NULL,
  `mood` varchar(32) DEFAULT NULL,
  `is_root` int(11) DEFAULT NULL,
  PRIMARY KEY (`id`)
) ENGINE=InnoDB AUTO_INCREMENT=21 DEFAULT CHARSET=utf8;

/*Data for the table `user` */

insert  into `user`(`id`,`username`,`password`,`sex`,`mobile`,`depart_id`,`mood`,`is_root`) values (1,'张三','zhangsan',0,'15816729513',4,'削月宛凝',1),(2,'李四','lisi',0,'13032057566',4,'筑阳含山',0),(3,'王五','wangwu',0,'18785131251',4,'白云辛酉',1),(4,'慕懋','mxqtep',0,'15827496867',5,'北陆梓云',0),(5,'公孙运凡','nmwety',1,'13785343068',2,'四风志方',0),(6,'严问香','olkigu',0,'19962968535',1,'雾都笑笑',0),(7,'解嘉颖','wzicha',1,'17642392562',5,'华清松雪',0),(8,'沈天真','ushnod',0,'13355895860',2,'奉天晗蕊',0),(9,'管河灵','dftsdr',1,'17341854402',2,'北海建本',0),(10,'毓雅逸','xhnqru',0,'19139461413',1,'重阳宛秋',0),(11,'楼良朋','nkcoat',0,'15978601178',5,'西风春晖',0),(12,'开冠玉','igjkeu',1,'13621512893',4,'黑山学真',0),(13,'辉腾','dbpkjn',1,'16561218024',4,'留云俊豪',0),(14,'纵湛颖','jrlqnm',1,'18028387834',5,'凌霄欣德',0),(15,'须冰菱','bcjosw',1,'18214802190',4,'云来碧螺',0),(16,'堂成双','egdilt',0,'13115583855',5,'魔都志鸣',0),(17,'植宜','hnnbzi',1,'19826035072',5,'太山迎波',0),(18,'洛明凝','dmvhwa',1,'18409261415',4,'蒙德俊强',0),(19,'佟佳思若','qpkcnz',1,'18654654259',3,'桃花天空',0),(20,'百里乐','ntfgbx',0,'13765143298',2,'明天会更好',0);

/*!40101 SET SQL_MODE=@OLD_SQL_MODE */;
/*!40014 SET FOREIGN_KEY_CHECKS=@OLD_FOREIGN_KEY_CHECKS */;
/*!40014 SET UNIQUE_CHECKS=@OLD_UNIQUE_CHECKS */;
/*!40111 SET SQL_NOTES=@OLD_SQL_NOTES */;
